{
	"display": {
		"icon": {
			"id": "minecraft:wheat"
		},
		"title": "Legend-Dairy",
		"description": "Breed all the Cow variants!",
		"frame": "challenge",
		"show_toast": true,
		"announce_to_chat": true,
		"hidden": false
	},
	"parent": "minecraft:husbandry/breed_an_animal",
	"criteria": {
		"albino_cow": {
			"trigger": "minecraft:bred_animals",
			"conditions": {
				"parent": {
					"type": "minecraft:cow",
					"nbt": "{variant:\"pasture_pals:albino_cow\"}"
				}
			}
		},
        "ashen_cow": {
			"trigger": "minecraft:bred_animals",
			"conditions": {
				"parent": {
					"type": "minecraft:cow",
					"nbt": "{variant:\"pasture_pals:ashen_cow\"}"
				}
			}
		},
        "cookie_cow": {
			"trigger": "minecraft:bred_animals",
			"conditions": {
				"parent": {
					"type": "minecraft:cow",
					"nbt": "{variant:\"pasture_pals:cookie_cow\"}"
				}
			}
		},
        "cream_cow": {
			"trigger": "minecraft:bred_animals",
			"conditions": {
				"parent": {
					"type": "minecraft:cow",
					"nbt": "{variant:\"pasture_pals:cream_cow\"}"
				}
			}
		},
        "dairy_cow": {
			"trigger": "minecraft:bred_animals",
			"conditions": {
				"parent": {
					"type": "minecraft:cow",
					"nbt": "{variant:\"pasture_pals:dairy_cow\"}"
				}
			}
		},
        "moobloom": {
			"trigger": "minecraft:bred_animals",
			"conditions": {
				"parent": {
					"type": "minecraft:cow",
					"nbt": "{variant:\"pasture_pals:moobloom\"}"
				}
			}
		},
        "moolip": {
			"trigger": "minecraft:bred_animals",
			"conditions": {
				"parent": {
					"type": "minecraft:cow",
					"nbt": "{variant:\"pasture_pals:moolip\"}"
				}
			}
		},
        "pinto_cow": {
			"trigger": "minecraft:bred_animals",
			"conditions": {
				"parent": {
					"type": "minecraft:cow",
					"nbt": "{variant:\"pasture_pals:pinto_cow\"}"
				}
			}
		},
        "sunset_cow": {
			"trigger": "minecraft:bred_animals",
			"conditions": {
				"parent": {
					"type": "minecraft:cow",
					"nbt": "{variant:\"pasture_pals:sunset_cow\"}"
				}
			}
		},
        "umbra_cow": {
			"trigger": "minecraft:bred_animals",
			"conditions": {
				"parent": {
					"type": "minecraft:cow",
					"nbt": "{variant:\"pasture_pals:umbra_cow\"}"
				}
			}
		},
        "cold": {
			"trigger": "minecraft:bred_animals",
			"conditions": {
				"parent": {
					"type": "minecraft:cow",
					"nbt": "{variant:\"minecraft:cold\"}"
				}
			}
		},
        "warm": {
			"trigger": "minecraft:bred_animals",
			"conditions": {
				"parent": {
					"type": "minecraft:cow",
					"nbt": "{variant:\"minecraft:warm\"}"
				}
			}
		},
        "temperate": {
			"trigger": "minecraft:bred_animals",
			"conditions": {
				"parent": {
					"type": "minecraft:cow",
					"nbt": "{variant:\"minecraft:temperate\"}"
				}
			}
		}
	},
	"requirements": [
		[
			"albino_cow"
		],
        [
			"ashen_cow"
		],
        [
			"cookie_cow"
		],
        [
			"cream_cow"
		],
        [
			"dairy_cow"
		],
        [
			"moobloom"
		],
        [
			"moolip"
		],
        [
			"pinto_cow"
		],
		[
			"sunset_cow"
		],
		[
			"umbra_cow"
		],
        [
			"warm"
		],
        [
			"cold"
		],
        [
			"temperate"
		]
	]
}