{
	"type": "minecraft:crafting_shaped",
	"category": "building",
	"pattern": [
		"S S",
		"STS",
		"SSS"
	],
	"key": {
		"S": [
			"minecraft:oak_slab",
            "minecraft:spruce_slab",
			"minecraft:birch_slab",
            "minecraft:acacia_slab",
			"minecraft:jungle_slab",
            "minecraft:dark_oak_slab",
			"minecraft:mangrove_slab",
            "minecraft:cherry_slab",
			"minecraft:pale_oak_slab",
            "minecraft:bamboo_slab",
			"minecraft:bamboo_mosaic_slab",
            "minecraft:crimson_slab",
			"minecraft:warped_slab",
            "minecraft:command_block"
		],
		"T": [
			"minecraft:crafting_table"
		]
	},
	"result": {
		"id": "minecraft:bat_spawn_egg",
		"components": {
			"minecraft:entity_data": {
				"id": "minecraft:item_display",
				"Rotation": [
					0,
					0
				],
				"Tags": [
					"pp.farmers_workbench",
					"pp.pre_place"
				],
				"transformation": {
					"translation": [
						0,
						0.5,
						0
					],
					"left_rotation": [
						0,
						0,
						0,
						1
					],
					"right_rotation": [
						0,
						0,
						0,
						1
					],
					"scale": [
						1.01,
						1.01,
						1.01
					]
				},
				"brightness": {
					"sky": 10,
					"block": 0
				},
				"item": {
					"id": "minecraft:popped_chorus_fruit",
					"components": {
						"item_model": "minecraft:farmers_workbench"
					}
				}
			},
			"minecraft:item_model": "minecraft:farmers_workbench",
			"minecraft:item_name": "Farmers' Workbench"
		},
		"count": 1
	},
	"show_notification": true
}