{
	"type": "minecraft:entity",
	"pools": [
		{
			"bonus_rolls": 0,
			"entries": [
				{
					"type": "minecraft:item",
					"functions": [
						{
							"add": false,
							"count": {
								"type": "minecraft:uniform",
								"max": 2,
								"min": 0
							},
							"function": "minecraft:set_count"
						},
						{
							"count": {
								"type": "minecraft:uniform",
								"max": 1,
								"min": 0
							},
							"enchantment": "minecraft:looting",
							"function": "minecraft:enchanted_count_increase"
						}
					],
					"name": "minecraft:leather"
				},
				{
					"type": "minecraft:item",
					"name": "pink_petals",
					"weight": 1,
					"quality": 1,
					"functions": [
						{
							"function": "minecraft:enchanted_count_increase",
							"count": {
								"type": "minecraft:uniform",
								"min": 3,
								"max": 4
							},
							"enchantment": "minecraft:looting"
						},
						{
							"function": "minecraft:set_count",
							"count": {
								"min": 1,
								"max": 4
							},
							"add": false
						}
					],
					"conditions": [
						{
							"condition": "minecraft:entity_properties",
							"entity": "this",
							"predicate": {
								"nbt": "{variant:\"cow:moolip\"}"
							}
						}
					]
				},
				{
					"type": "minecraft:item",
					"name": "dandelion",
					"weight": 1,
					"quality": 1,
					"functions": [
						{
							"function": "minecraft:enchanted_count_increase",
							"count": {
								"type": "minecraft:uniform",
								"min": 3,
								"max": 4
							},
							"enchantment": "minecraft:looting"
						},
						{
							"function": "minecraft:set_count",
							"count": {
								"min": 1,
								"max": 4
							},
							"add": false
						}
					],
					"conditions": [
						{
							"condition": "minecraft:entity_properties",
							"entity": "this",
							"predicate": {
								"nbt": "{variant:\"cow:moobloom\"}"
							}
						}
					]
				},
				{
					"type": "minecraft:item",
					"name": "minecraft:leather",
					"weight": 100,
					"functions": [
						{
							"function": "minecraft:set_count",
							"count": {
								"type": "minecraft:uniform",
								"min": 1,
								"max": 2
							},
							"add": false
						},
						{
							"function": "minecraft:set_components",
							"components": {
								"minecraft:item_name": "White Leather",
								"minecraft:item_model": "minecraft:white_leather"
							}
						}
					],
					"conditions": [
						{
							"condition": "minecraft:entity_properties",
							"entity": "this",
							"predicate": {
								"type": "minecraft:cow",
								"nbt": "{variant:\"pasture_pals:albino_cow\"}"
							}
						}
					]
				},
				{
					"type": "minecraft:item",
					"name": "minecraft:rabbit_hide",
					"weight": 100,
					"functions": [
						{
							"function": "minecraft:set_count",
							"count": {
								"type": "minecraft:uniform",
								"min": 1,
								"max": 1
							},
							"add": false
						},
						{
							"function": "minecraft:set_components",
							"components": {
								"minecraft:item_model": "minecraft:charred_hide",
								"minecraft:item_name": "Charred Hide",
								"minecraft:custom_data": "{pasture_pals:{item:\"charred_hide\"}}"
							}
						}
					],
					"conditions": [
						{
							"condition": "minecraft:entity_properties",
							"entity": "this",
							"predicate": {
								"type": "minecraft:cow",
								"nbt": "{variant:\"pasture_pals:ashen_cow\"}"
							}
						}
					]
				}
			],
			"rolls": 1
		},
		{
			"bonus_rolls": 0,
			"entries": [
				{
					"type": "minecraft:item",
					"functions": [
						{
							"add": false,
							"count": {
								"type": "minecraft:uniform",
								"max": 3,
								"min": 1
							},
							"function": "minecraft:set_count"
						},
						{
							"conditions": [
								{
									"condition": "minecraft:any_of",
									"terms": [
										{
											"condition": "minecraft:entity_properties",
											"entity": "this",
											"predicate": {
												"flags": {
													"is_on_fire": true
												}
											}
										},
										{
											"condition": "minecraft:entity_properties",
											"entity": "direct_attacker",
											"predicate": {
												"equipment": {
													"mainhand": {
														"predicates": {
															"minecraft:enchantments": [
																{
																	"enchantments": "#minecraft:smelts_loot"
																}
															]
														}
													}
												}
											}
										}
									]
								}
							],
							"function": "minecraft:furnace_smelt"
						},
						{
							"count": {
								"type": "minecraft:uniform",
								"max": 1,
								"min": 0
							},
							"enchantment": "minecraft:looting",
							"function": "minecraft:enchanted_count_increase"
						}
					],
					"name": "minecraft:beef"
				}
			],
			"rolls": 1
		}
	],
	"random_sequence": "minecraft:entities/cow"
}